status,file,relative_path,citation,source_url,pages,size_bytes,pdf_header,sha256,use
EMBEDDED_PDF,Bailey_LopezDePrado_2014_DeflatedSharpeRatio.pdf,12_research_papers_and_docs/papers/Bailey_LopezDePrado_2014_DeflatedSharpeRatio.pdf,"Bailey, D. H., & López de Prado, M. (2014). The Deflated Sharpe Ratio: Correcting for Selection Bias, Backtest Overfitting and Non-Normality.",https://www.davidhbailey.com/dhbpapers/deflated-sharpe.pdf,22,1048118,%PDF-,ca4a1e834a2954b84eb560776e903329cd9cef318d458aadf6d67bc8166d10b5,Backtest review; multiple-testing correction; Sharpe confidence controls.
EMBEDDED_PDF,Bailey_Borwein_LopezDePrado_Zhu_2015_ProbabilityBacktestOverfitting.pdf,12_research_papers_and_docs/papers/Bailey_Borwein_LopezDePrado_Zhu_2015_ProbabilityBacktestOverfitting.pdf,"Bailey, D. H., Borwein, J. M., López de Prado, M., & Zhu, Q. J. (2015). The Probability of Backtest Overfitting.",https://www.davidhbailey.com/dhbpapers/backtest-prob.pdf,34,1145522,%PDF-,d8bfbadaaedb430d9dec929646d92f3580fdf18238f34121ae7738fa1c69a63d,"PBO, combinatorially symmetric cross-validation, and strategy-selection controls."
EMBEDDED_PDF,Bailey_Ger_LopezDePrado_Sim_Wu_2014_StatisticalOverfittingBacktestPerformance.pdf,12_research_papers_and_docs/papers/Bailey_Ger_LopezDePrado_Sim_Wu_2014_StatisticalOverfittingBacktestPerformance.pdf,"Bailey, D. H., Ger, S., López de Prado, M., Sim, A., & Wu, K. (2014). Statistical Overfitting and Backtest Performance.",https://sdm.lbl.gov/oapapers/ssrn-id2507040-bailey.pdf,10,681005,%PDF-,81f7f2cbcc1dec248894ec5b8afcdfafd1250ea2d213704796fefaf4903e7c1b,Research-process discipline; why repeated strategy search inflates apparent performance.
EMBEDDED_PDF,Bailey_LopezDePrado_2012_SharpeRatioEfficientFrontier.pdf,12_research_papers_and_docs/papers/Bailey_LopezDePrado_2012_SharpeRatioEfficientFrontier.pdf,"Bailey, D. H., & López de Prado, M. (2012). The Sharpe Ratio Efficient Frontier.",https://www.davidhbailey.com/dhbpapers/sharpe-frontier.pdf,46,2210618,%PDF-,7a756315dc645e343f9b619a727adbd10fde7347af14ae7000bdf3c99397b0e5,Performance metric geometry and Sharpe frontier diagnostics.
EMBEDDED_PDF,Harvey_Liu_Zhu_2016_CrossSectionExpectedReturns.pdf,12_research_papers_and_docs/papers/Harvey_Liu_Zhu_2016_CrossSectionExpectedReturns.pdf,"Harvey, C. R., Liu, Y., & Zhu, H. (2016). ... and the Cross-Section of Expected Returns. Review of Financial Studies.",https://people.duke.edu/~charvey/Research/Published_Papers/P118_and_the_cross.PDF,64,969629,%PDF-,15e407e31867dcd5bae6cf843200a85d1409180e1340322554ab3fcf88fb13bf,Factor discovery thresholds; multiple-comparison discipline for alpha mining.
EMBEDDED_PDF,Lo_Mamaysky_Wang_2000_FoundationsTechnicalAnalysis.pdf,12_research_papers_and_docs/papers/Lo_Mamaysky_Wang_2000_FoundationsTechnicalAnalysis.pdf,"Lo, A. W., Mamaysky, H., & Wang, J. (2000). Foundations of Technical Analysis: Computational Algorithms, Statistical Inference, and Empirical Implementation.",https://www.cis.upenn.edu/~mkearns/teaching/cis700/lo.pdf,61,8035551,%PDF-,3dd89a38bb1ceeef4e7c80dd58db8d88f150dfd443d04a6542cb963d72a4dd8e,Pattern-recognition baseline; technical-analysis validation without retail folklore.
EMBEDDED_PDF,Brock_Lakonishok_LeBaron_1992_SimpleTechnicalTradingRules.pdf,12_research_papers_and_docs/papers/Brock_Lakonishok_LeBaron_1992_SimpleTechnicalTradingRules.pdf,"Brock, W., Lakonishok, J., & LeBaron, B. (1992). Simple Technical Trading Rules and the Stochastic Properties of Stock Returns.",https://finance.martinsewell.com/stylized-facts/dependence/BrockLakonishokLeBaron1992.pdf,35,3728493,%PDF-,618246ce0c5b60049bd1f669cc6bd51186a7d2a7cad11f2881b6be9ffc6d92c8,Baseline moving-average and trading-range-rule tests; benchmark for indicator systems.
EMBEDDED_PDF,Cont_2001_EmpiricalPropertiesAssetReturns_FULL.pdf,12_research_papers_and_docs/papers/Cont_2001_EmpiricalPropertiesAssetReturns_FULL.pdf,"Cont, R. (2001). Empirical Properties of Asset Returns: Stylized Facts and Statistical Issues.",https://finance.martinsewell.com/stylized-facts/dependence/Cont2001.pdf,14,295358,%PDF-,7a21b8f88ce1d779ef3174953557e2713accc8a4d6016cc8edd2128d1571e9b7,"Return-distribution constraints: fat tails, volatility clustering, nonlinear dependence."
EMBEDDED_PDF,RatliffCrain_VanOort_Bagrow_Koehler_Tivnan_2023_RevisitingStylizedFacts.pdf,12_research_papers_and_docs/papers/RatliffCrain_VanOort_Bagrow_Koehler_Tivnan_2023_RevisitingStylizedFacts.pdf,"Ratliff-Crain, E., Van Oort, C. M., Bagrow, J., Koehler, M. T. K., & Tivnan, B. F. (2023). Revisiting Cont's Stylized Facts for Modern Stock Markets.",https://arxiv.org/pdf/2311.07738,31,2640164,%PDF-,b496e23411069a9643fcc75ed3ccbf680d6da48196486454e2d8489bf53200fb,Modern sanity check for stylized facts using contemporary intraday equity data.
EMBEDDED_PDF,LopezDePrado_2015_TacticalInvestmentAlgorithms.pdf,12_research_papers_and_docs/papers/LopezDePrado_2015_TacticalInvestmentAlgorithms.pdf,"López de Prado, M. (2015). Tactical Investment Algorithms.",https://caia.org/sites/default/files/tactical.pdf,5,958658,%PDF-,8e5f719891c02ea00bb969dcbf5b4b53bb8911f483292670111e55a22ace60ac,"Path-dependent trade management, profit-taking, stop-loss, and OU-style tactical logic."
EMBEDDED_PDF,LopezDePrado_2025_CausalityFactorInvestingPrimer.pdf,12_research_papers_and_docs/papers/LopezDePrado_2025_CausalityFactorInvestingPrimer.pdf,"López de Prado, M. (2025). Causality and Factor Investing: A Primer. CFA Institute Research Foundation.",https://rpc.cfainstitute.org/sites/default/files/docs/research-reports/rf_lopezdeprado_causalityprimer_online.pdf,24,813681,%PDF-,2d466d6a723f7880e3bb6d40ebf7b0e5cb11c0cfeb66b077ed3ab47267accd07,Causal thinking for factor research; prevents correlation-only alpha narratives.
EMBEDDED_PDF,TwoSigma_Riondato_2018_SharpeRatioStatisticsApplications.pdf,12_research_papers_and_docs/papers/TwoSigma_Riondato_2018_SharpeRatioStatisticsApplications.pdf,"Riondato, M. (2018). Sharpe Ratio: Estimation, Confidence Intervals, and Applications. Two Sigma.",https://www.twosigma.com/wp-content/uploads/sharpe-tr-1.pdf,11,536928,%PDF-,868b2b58045b8efbb2e3afe4872337a0bd0019c292b14e8a7a6cb59973247720,Implementation-friendly Sharpe estimation and confidence intervals.
EMBEDDED_PDF,CRAN_2026_PBO_PackageManual.pdf,12_research_papers_and_docs/papers/CRAN_2026_PBO_PackageManual.pdf,CRAN pbo package manual. Probability of Backtest Overfitting.,https://cran.r-project.org/web/packages/pbo/pbo.pdf,8,110113,%PDF-,00658f82f57d203aec4702c36ccd0877500b23d955d10ac0d2db6f0318574fe1,Reference implementation notes for PBO-style diagnostics.
EMBEDDED_PDF,Peterson_2015_DevelopingBacktestingSystematicTradingStrategies.pdf,12_research_papers_and_docs/papers/Peterson_2015_DevelopingBacktestingSystematicTradingStrategies.pdf,"Peterson, B. G. (2015). Developing & Backtesting Systematic Trading Strategies.",https://braverock.com/brian/strat_dev_process.pdf,42,980797,%PDF-,f5372c8171f81fec89fc0acc1b22f2b55f1b1ade9f79eba6a959d867d5669ca5,Practitioner process for strategy development and backtesting workflow.
EMBEDDED_PDF,Peterson_2023_DesignAnalysisBacktestExperiments.pdf,12_research_papers_and_docs/papers/Peterson_2023_DesignAnalysisBacktestExperiments.pdf,"Peterson, B. G. (2023). Design and Analysis of (Backtest) Experiments.",https://rinfinance.s3.amazonaws.com/past.rinfinance.com/agenda/2023/BrianPeterson.pdf,43,661904,%PDF-,e61ac781ceb3937a9f5230efd33c26647eeb64a38e2e3b126ece01e70730b46f,Experiment-design framing for backtests and parameter search.
EMBEDDED_PDF,Liu_Yang_Chen_Zhang_Yang_Xiao_Wang_2020_FinRL.pdf,12_research_papers_and_docs/papers/Liu_Yang_Chen_Zhang_Yang_Xiao_Wang_2020_FinRL.pdf,"Liu, X.-Y., Yang, H., Chen, Q., Zhang, R., Yang, L., Xiao, B., & Wang, C. D. (2020). FinRL: A Deep Reinforcement Learning Library for Automated Stock Trading in Quantitative Finance.",https://arxiv.org/pdf/2011.09607,12,1682566,%PDF-,bcb8810089c98dab432a6fed9b6c674f0f10f737e73071f7e91eef26daeba5c6,Reference architecture for DRL trading pipelines and reproducibility constraints.
EMBEDDED_PDF,Yang_Liu_Zhong_Walid_2018_PracticalDeepRLStockTrading.pdf,12_research_papers_and_docs/papers/Yang_Liu_Zhong_Walid_2018_PracticalDeepRLStockTrading.pdf,"Yang, H., Liu, X.-Y., Zhong, S., & Walid, A. (2018). Practical Deep Reinforcement Learning Approach for Stock Trading.",https://arxiv.org/pdf/1811.07522,7,395261,%PDF-,6ac6deaa6503ce96368d30cb90928509145a0b5a34c5259ef400c1f5518130f7,Epoch-learning and DRL experiment structure; useful but must be heavily validated.
EMBEDDED_PDF,Jiang_Xu_Liang_2017_DRLPortfolioManagement.pdf,12_research_papers_and_docs/papers/Jiang_Xu_Liang_2017_DRLPortfolioManagement.pdf,"Jiang, Z., Xu, D., & Liang, J. (2017). A Deep Reinforcement Learning Framework for the Financial Portfolio Management Problem.",https://arxiv.org/pdf/1706.10059,31,783141,%PDF-,77bb80866c02b865137aa09ed7a1b31c981e55aa459bbcfa8a3a1f4b91fac811,"Portfolio-vector memory, online stochastic batch learning, and portfolio reward framing."
